{
  "intents": [
    {
      "tag": "greeting",
      "patterns": [
        "Hi",
        "Hello",
        "Hey",
        "hello sweetheart"
      ],
      "responses": [
        "Hello!",
        "Good to see you!",
        "Hi there, how can I help?",
        "hey",
        "hi"
      ],
      "context_set": ""
    },
    {
      "tag": "greetingMore",
      "patterns": [
        "How are you",
        "How are you ?",
        "Whats up"
      ],
      "responses": [
        "I am fine!, How about you?",
        "I am good, you?"
      ],
      "context_set": ""
    },

    {
      "tag": "collegename",
      "patterns": [
        "What is college name?",
        "college name?"
      ],
      "responses": [
        "College name is : Gandhinagar institute of technology"
      ],
      "context_set": ""
    },

    {
      "tag": "goodbye",
      "patterns": [
        "by",
        "bye bye",
        "Bye",
        "See you later",
        "Goodbye",
        "I am Leaving",
        "Have a Good day"
      ],
      "responses": [
        "Sad to see you go :(",
        "Talk to you later",
        "Goodbye!",
        "Come back soon!"
      ],
      "context_set": ""
    },
    {
      "tag": "creator",
      "patterns": [
        "Who created you?",
        "Who is your developer?",
        "Who made you?"
      ],
      "responses": [
        "I was created by Dhruv panchal at kody technolab."
      ],
      "context_set": ""
    },
    {
      "tag": "identity",
      "patterns": [
        "What is your name?",
        "Who are you?",
        "What should I call you?"
      ],
      "responses": [
        "You can call me Mind Reader. I'm a Chatbot."
      ],
      "context_set": ""
    },
    {
      "tag": "hours",
      "patterns": [
        "What are the college timings?",
        "When is the college open?",
        "What are your hours of operation?"
      ],
      "responses": [
        "The college is open from 9am to 3pm, Monday to Saturday."
      ],
      "context_set": ""
    },
    {
      "tag": "contact",
      "patterns": [
        "How can I contact the college?",
        "What is the college telephone number?",
        "Can I get your contact number?"
      ],
      "responses": [
        "You can contact the college at 099044-05900."
      ],
      "context_set": ""
    },
    {
      "tag": "courses",
      "patterns": [
        "What courses are offered in the college?",
        "Can you tell me about the available courses?",
        "What are the branches in the college?"
      ],
      "responses": [
        "Hmm The college offers courses in Information Technology, Computer Engineering, Mechanical Engineering, Chemical Engineering, and Civil Engineering. for more information you can visit our collage official site -- gandhinagaruni.ac.in"
      ],
      "context_set": ""
    },
    {
      "tag": "fees",
      "patterns": [
        "How much is the college fee?",
        "Tell me about the fees",
        "What are the hostel fees?"
      ],
      "responses": [
        "For detailed fee information, please visit our college website. website is : gandhinagaruni.ac.in"
      ],
      "context_set": ""
    },
    {
      "tag": "location",
      "patterns": [
        "Where is the college located?",
        "What is the college address?",
        "How can I reach the college?"
      ],
      "responses": [
        "The college is located at  Khatraj Kalol Road, Moti Bhoyan, Kalol, Gujarat 382721. You can find the location on Google Maps."
      ],
      "context_set": ""
    },
    {
      "tag": "hostel",
      "patterns": [
        "Does the college provide hostel facilities?",
        "Where is the hostel located?",
        "What are the hostel fees?"
      ],
      "responses": [
        "For detailed information about the hostel, please visit our college website."
      ],
      "context_set": ""
    },
    {
      "tag": "events",
      "patterns": [
        "What events are organized in the college?",
        "Are there any upcoming events?",
        "Tell me about the college events."
      ],
      "responses": [
        "yaa collage frequently do the events. the major event are jazba, impulso, tech-xtreme"
      ],
      "context_set": ""
    },
    {
      "tag": "admission",
      "patterns": [
        "What is the admission process?",
        "How can I take admission in the college?",
        "Tell me about the admission criteria."
      ],
      "responses": [
        "there are lots of institute and programs runing in the college so For detailed admission information, please visit our college website."
      ],
      "context_set": ""
    },
    {
      "tag": "library",
      "patterns": [
        "Does the college have a library?",
        "Where is the library located?",
        "What are the library timings?"
      ],
      "responses": [
        "Yes, the college has a library. The library is located B Block in the collage. The timings are from 9am to 3pm, Monday to Friday."
      ],
      "context_set": ""
    },
    {
      "tag": "facilities",
      "patterns": [
        "What facilities are available in the college?",
        "Tell me about the college facilities.",
        "Do you have a sports complex ?",
        "What are the facilities like (science labs, libraries, theaters, gyms, etc.)?",
        "Are the campus facilities well-maintained?",
        "Does the college have modern facilities?"
      ],
      "responses": [
        "The college provides various facilities including a sports complex, labs, cafeteria, and a library, WI-FI ENABLED CAMPUS, STUDENTS' STORE, .",
        "Our college prides itself on maintaining well-equipped facilities to support students' academic and extracurricular activities. This includes modern science labs, libraries with extensive resources, theaters, and well-equipped gyms."
      ],
      "context_set": ""
    },
    {
      "tag": "sports",
      "patterns": [
        "What games are available in the college?",
        "what about sport culture in the college?",
        "Does college has sports?",
        "what sports are play in college?",
        "does college has cricket competition?",
        "college has sport week?",
        "Are sports popular?",
        "Do many students participate in sports?",
        "What's the athletic culture like at your college?"
      ],
      "responses": [
        "The Institute has excellent sports facilities comprising synthetic grounds for cricket, volleyball, football etc. Facilities for indoor games such as table tennis, chess, carom etc. are also available..., college also arrange the sport day for the student and faculty.",
        "Sports are popular at our college, and many students participate in various athletic activities. We have a range of sports teams, intramural sports, and fitness programs to cater to different interests and skill levels."
      ],
      "context_set": ""
    },
    {
      "tag": "placement",
      "patterns": [
        "How are the placements in the college?",
        "Tell me about the college placements.",
        "What is the placement record?"
      ],
      "responses": [
        "The college has a good placement record. Many reputed companies visit our campus for recruitment. the highest package is 10 lpa"
      ],
      "context_set": ""
    },
    {
      "tag": "choice",
      "patterns": [
        "Why did i choose this college?",
        "What made you decide to attend this college?"
      ],
      "responses": [
        "you chose this college because of its strong academic reputation, excellent faculty, and a wide range of courses offered."
      ],
      "context_set": ""
    },
    {
      "tag": "happiness",
      "patterns": [
        "Are you happy here?",
        "Do you enjoy being at this college?"
      ],
      "responses": [
        "As an AI, I don't have emotions, but I'm here to assist and provide information about the college."
      ],
      "context_set": ""
    },
    {
      "tag": "strengths",
      "patterns": [
        "What are your college's strengths?",
        "What makes your college stand out?"
      ],
      "responses": [
        "Our college excels in providing quality education, fostering a supportive learning environment, and offering a wide range of extracurricular activities."
      ],
      "context_set": ""
    },
    {
      "tag": "complaints",
      "patterns": [
        "What's your #1 complaint about your college?",
        "What do you think needs improvement in your college?"
      ],
      "responses": [
        "While my purpose is to provide information, some students may have different opinions. It's always good to provide feedback for continuous improvement."
      ],
      "context_set": ""
    },
    {
      "tag": "improvements",
      "patterns": [
        "What else could stand to be improved?",
        "In which areas do you think your college can improve?"
      ],
      "responses": [
        "Continuous improvement is essential for any institution. Areas that can be considered for improvement include infrastructure, facilities, and student support services."
      ],
      "context_set": ""
    },
    {
      "tag": "accessibility",
      "patterns": [
        "How accessible are administrators, registrars, financial aid officers, etc.?",
        "Can students easily reach out to college staff when needed?"
      ],
      "responses": [
        "The college administration strives to maintain accessibility for students. Office hours and contact information for various staff members are available for student assistance."
      ],
      "context_set": ""
    },
    {
      "tag": "academics_majors",
      "patterns": [
        "What majors are popular?",
        "Which fields of study have a high enrollment?",
        "What are the most sought-after majors in your college?"
      ],
      "responses": [
        "Popular majors in our college include Computer Science, Business Administration, Psychology, Engineering, and Biology."
      ],
      "context_set": ""
    },
    {
      "tag": "academics_reputation",
      "patterns": [
        "What departments or programs have the best reputations?",
        "Which academic programs are well-regarded?",
        "Are there any standout departments in your college?"
      ],
      "responses": [
        "Our college has well-regarded departments in Computer Science, Engineering, and Business Administration. These programs have a strong reputation for academic excellence."
      ],
      "context_set": ""
    },
    {
      "tag": "favorite_class",
      "patterns": [
        "What's your favorite class?",
        "Which class do you enjoy the most?",
        "Do you have a favorite subject?"
      ],
      "responses": [
        "As an AI, I don't have personal preferences. However, students often enjoy classes that align with their interests and career goals."
      ],
      "context_set": ""
    },
    {
      "tag": "faculty",
      "patterns": [
        "Are your professors good teachers?",
        "How is the quality of teaching at your college?",
        "Do you have experienced faculty?",
        "how the faculties is?"
      ],
      "responses": [
        "Our college prides itself on having experienced and dedicated faculty members who are committed to providing quality education.",
        "we have good experienced faculty in our collage. fill free to join our college."
      ],
      "context_set": ""
    },
    {
      "tag": "professors_office_hours",
      "patterns": [
        "Do your professors hold office hours, and will they meet with you outside of class?",
        "Are professors available for one-on-one meetings?",
        "Can students easily meet with professors?"
      ],
      "responses": [
        "Most professors at our college hold regular office hours and are available for one-on-one meetings to address student queries and provide additional guidance."
      ],
      "context_set": ""
    },
    {
      "tag": "classFormat",
      "patterns": [
        "Are your classes lecture-based or discussion-based?",
        "How are the classes structured?",
        "What's the typical format of a class?"
      ],
      "responses": [
        "The class format can vary depending on the subject and the instructor's teaching style. Some classes may be lecture-based, while others may involve more interactive discussions and group activities."
      ],
      "context_set": ""
    },
    {
      "tag": "readingWriting",
      "patterns": [
        "How much reading and writing is required in your courses?",
        "Are there a lot of assignments involving reading and writing?",
        "Is there a heavy emphasis on written work?"
      ],
      "responses": [
        "The amount of reading and writing required in courses can vary. Generally, students can expect a balanced mix of reading assignments, written projects, and exams."
      ],
      "context_set": ""
    },
    {
      "tag": "classSize",
      "patterns": [
        "How big are your classes?",
        "Are the class sizes large or small?",
        "Do you have small class sizes?"
      ],
      "responses": [
        "Class sizes can vary depending on the course and program. While some classes may have a larger enrollment, others, especially upper-level courses, tend to have smaller class sizes for more personalized attention."
      ],
      "context_set": ""
    },
    {
      "tag": "independent_study",
      "patterns": [
        "Does your major require an independent study or capstone project?",
        "Are there opportunities for independent research?",
        "Is there a culminating project for your major?"
      ],
      "responses": [
        "Many majors at our college offer opportunities for independent study or capstone projects. These experiences allow students to delve deeper into their fields of interest and apply their knowledge."
      ],
      "context_set": ""
    },
    {
      "tag": "professorResearch",
      "patterns": [
        "Are professors available for research with students?",
        "Can students engage in research projects with faculty?",
        "How can I get involved in research at your college?"
      ],
      "responses": [
        "Faculty members at our college actively engage in research, and students often have opportunities to collaborate on research projects. You can reach out to professors in your field of interest to inquire about research opportunities."
      ],
      "context_set": ""
    },
    {
      "tag": "first_year_experience",
      "patterns": [
        "What's it like to be a first-year student here?",
        "Can you describe the first-year experience?",
        "What should I expect as a freshman?"
      ],
      "responses": [
        "As a first-year student, you can expect a supportive and welcoming environment. Orientation programs, peer mentoring, and academic support services are available to help you transition smoothly into college life."
      ],
      "context_set": ""
    },
    {
      "tag": "typical_day",
      "patterns": [
        "What's a typical day like?",
        "Can you describe a day in the life of a student?",
        "What's the daily routine at your college?"
      ],
      "responses": [
        "A typical day as a student involves attending classes, engaging in study sessions, participating in extracurricular activities, and utilizing campus resources. Each student's daily routine may vary based on their schedule and interests."
      ],
      "context_set": ""
    },
    {
      "tag": "study_time",
      "patterns": [
        "How much time do students spend studying per week?",
        "Is there a lot of studying required?",
        "What's the average study time for students?"
      ],
      "responses": [
        "The amount of time students spend studying can vary depending on their course load, study habits, and personal preferences. On average, students dedicate several hours per week to studying."
      ],
      "context_set": ""
    },
    {
      "tag": "non_class_activities",
      "patterns": [
        "What do you do when you're not in class?",
        "How do students spend their free time?",
        "Are there activities to do outside of class?"
      ],
      "responses": [
        "Outside of class, students engage in various activities such as participating in clubs and organizations, attending campus events, exploring the surrounding community, and spending time with friends."
      ],
      "context_set": ""
    },
    {
      "tag": "weekend_activities",
      "patterns": [
        "What do you do on the weekends?",
        "Are there weekend activities or events?",
        "How do students spend their weekends?"
      ],
      "responses": [
        "On weekends, students often take part in campus events, recreational activities, social gatherings, and may also use the time for relaxation and personal pursuits."
      ],
      "context_set": ""
    },
    {
      "tag": "social_scene",
      "patterns": [
        "What is the social scene like?",
        "How would you describe the social life on campus?",
        "Are there opportunities to meet new people?"
      ],
      "responses": [
        "The social scene on campus is vibrant and diverse. There are plenty of opportunities to meet new people, join clubs and organizations, attend social events, and build lifelong friendships."
      ],
      "context_set": ""
    },
    {
      "tag": "hometown_activities",
      "patterns": [
        "What kinds of things are there to do in your college's hometown?",
        "Are there recreational activities in the local area?",
        "What are some popular attractions near the college?"
      ],
      "responses": [
        "Our school's hometown offers a range of recreational activities, cultural events, shopping centers, restaurants, and natural attractions. You can explore local parks, museums, theaters, and enjoy the local cuisine."
      ],
      "context_set": ""
    },
    {
      "tag": "popular_clubs",
      "patterns": [
        "Which clubs and student organizations are popular?",
        "Are there any standout clubs on campus?",
        "What are some of the most active student organizations?"
      ],
      "responses": [
        "Our college has a wide range of clubs and student organizations catering to diverse interests. Popular clubs include academic organizations, cultural clubs, sports teams, community service groups, and more."
      ],
      "context_set": ""
    },
    {
      "tag": "favorite_place_on_campus",
      "patterns": [
        "What's your favorite place on campus?",
        "Which location do you enjoy the most?",
        "Where do students like to hang out?"
      ],
      "responses": [
        "As an AI, I don't have personal preferences. However, many students enjoy spending time in common areas, student centers, outdoor spaces, and campus cafeterias."
      ],
      "context_set": ""
    },
    {
      "tag": "friendly_students",
      "patterns": [
        "Are the students here friendly?",
        "Is it easy to make friends?",
        "Do students interact with each other?"
      ],
      "responses": [
        "Yes, the students here are generally friendly and welcoming. The college environment provides ample opportunities to meet new people, make friends, and form meaningful connections both inside and outside the classroom."
      ],
      "context_set": ""
    },
    {
      "tag": "student_body_unique",
      "patterns": [
        "What makes the student body unique?",
        "Is there anything special about the student population?",
        "What sets the students apart at your college?"
      ],
      "responses": [
        "The student body at our college is unique in its diversity of backgrounds, perspectives, talents, and passions. This diversity fosters a rich learning environment and encourages students to embrace different cultures and viewpoints."
      ],
      "context_set": ""
    },
    {
      "tag": "campus_diversity",
      "patterns": [
        "Is there diversity on campus?",
        "Are there students from different cultural backgrounds?",
        "Does the college promote diversity and inclusion?"
      ],
      "responses": [
        "Yes, our college values diversity and strives to create an inclusive campus community. Students from different cultural backgrounds, ethnicities, and countries contribute to the diverse fabric of our college community."
      ],
      "context_set": ""
    },
    {
      "tag": "internship_opportunities",
      "patterns": [
        "Are internships available? How do you find them?",
        "What internship opportunities are there?",
        "How does the college support students in finding internships?"
      ],
      "responses": [
        "Internship opportunities are available for students, and the college often provides resources and support to help students find and secure internships. The college's career services office and faculty advisors can offer guidance in exploring and applying for internships."
      ],
      "context_set": ""
    },
    {
      "tag": "career_services",
      "patterns": [
        "Is Career Services helpful?",
        "What services does the career center provide?",
        "How effective is the college's career guidance?"
      ],
      "responses": [
        "Career Services at our college offers various resources and assistance to help students with career exploration, resume building, job search strategies, interview preparation, and more. Many students find the career guidance helpful in their professional development."
      ],
      "context_set": ""
    },
    {
      "tag": "mentorship_program",
      "patterns": [
        "Do you have a mentor?",
        "Is there a mentorship program?",
        "How can students connect with mentors?"
      ],
      "responses": [
        "Our college may have a mentorship program or opportunities for students to connect with mentors. These programs facilitate valuable guidance and support from experienced individuals who can provide insights and advice on academic and career paths."
      ],
      "context_set": ""
    },
    {
      "tag": "leadership_opportunities",
      "patterns": [
        "What options exist for leadership skills on campus?",
        "Are there leadership programs or positions?",
        "How can students develop leadership skills?"
      ],
      "responses": [
        "Our college offers various opportunities for students to develop leadership skills. Students can join student government, clubs, or organizations that provide leadership positions, participate in leadership workshops or programs, and engage in community service to foster leadership qualities."
      ],
      "context_set": ""
    },
    {
      "tag": "employer_recruitment",
      "patterns": [
        "Do employers recruit students on campus?",
        "Are there career fairs or job fairs?",
        "How does the college connect students with potential employers?"
      ],
      "responses": [
        "Employer recruitment is a common practice at many colleges. Career fairs, job fairs, and networking events are organized to connect students with potential employers. The college's career services office often plays a role in facilitating these connections."
      ],
      "context_set": ""
    },
    {
      "tag": "summer_jobs",
      "patterns": [
        "How easy is it to find summer jobs and other kinds of work through your college?",
        "Are there resources for finding summer employment?",
        "Does the college assist with summer job opportunities?"
      ],
      "responses": [
        "Our college may provide resources and support to help students find summer jobs and other types of employment. The career services office, online job boards, and networking events can be valuable in exploring and securing summer job opportunities."
      ],
      "context_set": ""
    },
    {
      "tag": "hands-on_experiences",
      "patterns": [
        "What kinds of hands-on or practical experiences have you had in and outside of the classroom?",
        "Are there opportunities for practical learning?",
        "How does the college emphasize experiential learning?"
      ],
      "responses": [
        "Colleges often provide opportunities for hands-on and practical experiences both inside and outside the classroom. These may include internships, research projects, fieldwork, service-learning, study abroad programs, and collaborative projects that enhance the learning process and offer real-world application of knowledge."
      ],
      "context_set": ""
    }
  ]
}